0,0,-200,0,0,0,10,1,21,200,20,420,-1,0,0,0,0
0,20,-620,0,0,0,10,1,21,200,20,420,-1,0,0,0,0
0,40,-940,0,0,0,10,1,11,200,20,220,-1,0,0,0,0
0,60,-1150,0,0,0,10,1,10,200,20,200,-1,0,0,0,0
0,0,-1460,0,0,0,10,1,21,200,20,420,-1,0,0,0,0
70,40,-1280,0,0,0,3,2,3,60,40,60,-1,0,0,0,0
-70,40,-1280,0,0,0,3,2,3,60,40,60,-1,0,0,0,0
0,60,-1280,0,0,0,4,4,3,80,80,60,-1,0,0,0,0
0,60,-1370,0,0,0,4,3,4,80,60,80,-1,0,0,0,0
0,60,-1470,0,0,0,4,3,4,80,60,80,-1,0,0,0,0
0,80,-1590,0,0,0,4,4,4,80,80,80,-1,0,0,0,0
0,80,-1680,0,0,0,10,4,1,200,80,20,-1,0,0,0,0
0,80,-1900,0,0,0,10,1,21,200,20,420,-1,0,0,0,0
0,100,-2360,0,0,0,25,1,25,500,20,500,-1,0,0,0,0
0,80,-2660,0,0,0,5,1,5,100,20,100,-1,0,320,-2660,1
0,300,-2920,0,0,0,10,1,21,200,20,420,-1,0,0,0,0
310,300,-3030,0,0,0,21,1,10,420,20,200,-1,0,0,0,0
730,320,-3030,0,0,0,21,1,10,420,20,200,-1,0,0,0,0
1090,200,-3030,0,0,0,15,1,10,300,20,200,-1,0,0,0,0
950,320,-3030,0,0,0,1,7,10,20,140,200,-1,0,0,0,0
990,200,-3100,0,0,0,3,1,3,60,20,60,-1,990,320,-3100,0.5
990,320,-2960,0,0,0,3,1,3,60,20,60,-1,990,200,-2960,0.5
990,320,-3030,0,0,0,3,7,4,60,140,80,-1,0,0,0,0
1230,320,-3030,0,0,0,1,7,10,20,140,200,-1,0,0,0,0
1030,320,-3030,0,0,0,1,1,4,20,20,80,-1,0,0,0,0
1050,320,-3030,0,0,0,1,1,4,20,20,80,-1,0,0,0,0
1070,320,-3030,0,0,0,1,1,4,20,20,80,-1,0,0,0,0
1090,320,-3030,0,0,0,1,1,4,20,20,80,-1,0,0,0,0
1110,320,-3030,0,0,0,1,1,4,20,20,80,-1,0,0,0,0
1130,320,-3030,0,0,0,1,1,4,20,20,80,-1,0,0,0,0
1150,320,-3030,0,0,0,1,1,4,20,20,80,-1,0,0,0,0
1170,320,-3030,0,0,0,1,1,4,20,20,80,-1,0,0,0,0
1190,320,-3030,0,0,0,1,1,4,20,20,80,-1,0,0,0,0
1210,320,-3030,0,0,0,1,1,4,20,20,80,-1,0,0,0,0
1450,320,-3030,0,0,0,21,1,10,420,20,200,-1,0,0,0,0
1610,320,-3180,0,0,0,5,1,5,100,20,100,-1,2610,320,-3180,1.5
2610,320,-2880,0,0,0,5,1,5,100,20,100,-1,1610,320,-2880,1.5
2770,320,-3030,0,0,0,21,1,10,420,20,200,-1,0,0,0,0
3480,340,-3030,0,0,0,50,1,50,1000,20,1000,-1,0,0,0,0
4030,340,-3030,0,0,0,5,1,5,100,20,100,-1,0,0,0,0
4030,340,-3030,0,1.57,0,1,1,1,20,20,20,-1,0,0,0,0
0,100,-2360,0,0,0,1,1,1,500,20,500,-1,0,0,0,0
0,300,-2920,0,0,0,1,1,1,200,20,420,-1,0,0,0,0
1450,320,-3030,0,1.57,0,1,1,1,420,20,200,-1,0,0,0,0
2770,320,-3030,0,1.57,0,1,1,1,420,20,200,-1,0,0,0,0
0,400,20,0,0,0,10,20,1,200,400,20,-1,0,0,0,0
110,400,-1050,0,0,0,1,20,106,20,400,2120,-1,0,0,0,0
-110,400,-1050,0,0,0,1,20,106,20,400,2120,-1,0,0,0,0
0,600,-2720,0,0,0,10,20,1,200,400,20,-1,0,0,0,0
110,600,-2820,0,0,0,1,20,11,20,400,220,-1,0,0,0,0
-110,600,-2920,0,0,0,1,20,21,20,400,420,-1,0,0,0,0
780,600,-3140,0,0,0,88,20,1,1760,400,20,-1,0,0,0,0
890,600,-2920,0,0,0,77,20,1,1540,400,20,-1,0,0,0,0
1670,600,-3030,0,0,0,1,20,10,20,400,200,-1,0,0,0,0
2550,600,-3030,0,0,0,1,20,10,20,400,200,-1,0,0,0,0
2770,600,-2920,0,0,0,21,20,1,420,400,20,-1,0,0,0,0
2770,600,-3140,0,0,0,21,20,1,420,400,20,-1,0,0,0,0
0,200,-2600,0,0,0,25,5,1,500,100,20,0,0,0,0,0
0,200,-2120,0,0,0,25,5,1,500,100,20,0,0,0,0,0
240,200,-2360,0,1.57,0,25,5,1,20,100,500,0,0,0,0,0
-240,200,-2360,0,1.57,0,25,5,1,20,100,500,0,0,0,0,0
3990,440,-3030,0,1.57,0,52,5,1,20,100,1040,1,0,0,0,0
2970,440,-3030,0,1.57,0,52,5,1,20,100,1040,1,0,0,0,0
3480,440,-2520,0,0,0,52,5,1,1040,100,20,1,0,0,0,0
3480,440,-3540,0,0,0,52,5,1,1040,100,20,1,0,0,0,0
0,-1000,0,0,0,0,1,1,1,20,20,20,-1,0,0,0,0
0,-1000,0,0,0,0,1,1,1,20,20,20,-1,0,0,0,0
0,-1000,0,0,0,0,1,1,1,20,20,20,-1,0,0,0,0
0,-1000,0,0,0,0,1,1,1,20,20,20,-1,0,0,0,0
0,-1000,0,0,0,0,1,1,1,20,20,20,-1,0,0,0,0
0,-1000,0,0,0,0,1,1,1,20,20,20,-1,0,0,0,0
0,-1000,0,0,0,0,1,1,1,20,20,20,-1,0,0,0,0
0,-1000,0,0,0,0,1,1,1,20,20,20,-1,0,0,0,0
0,-1000,0,0,0,0,1,1,1,20,20,20,-1,0,0,0,0
0,-1000,0,0,0,0,1,1,1,20,20,20,-1,0,0,0,0
0,-1000,0,0,0,0,1,1,1,20,20,20,-1,0,0,0,0
0,-1000,0,0,0,0,1,1,1,20,20,20,-1,0,0,0,0
0,-1000,0,0,0,0,1,1,1,20,20,20,-1,0,0,0,0
0,-1000,0,0,0,0,1,1,1,20,20,20,-1,0,0,0,0
0,-1000,0,0,0,0,1,1,1,20,20,20,-1,0,0,0,0
0,-1000,0,0,0,0,1,1,1,20,20,20,-1,0,0,0,0
0,-1000,0,0,0,0,1,1,1,20,20,20,-1,0,0,0,0
0,-1000,0,0,0,0,1,1,1,20,20,20,-1,0,0,0,0
0,-1000,0,0,0,0,1,1,1,20,20,20,-1,0,0,0,0
0,-1000,0,0,0,0,1,1,1,20,20,20,-1,0,0,0,0
0,-1000,0,0,0,0,1,1,1,20,20,20,-1,0,0,0,0
0,-1000,0,0,0,0,1,1,1,20,20,20,-1,0,0,0,0
0,-1000,0,0,0,0,1,1,1,20,20,20,-1,0,0,0,0
0,-1000,0,0,0,0,1,1,1,20,20,20,-1,0,0,0,0
0,-1000,0,0,0,0,1,1,1,20,20,20,-1,0,0,0,0
0,-1000,0,0,0,0,1,1,1,20,20,20,-1,0,0,0,0
0,-1000,0,0,0,0,1,1,1,20,20,20,-1,0,0,0,0
